square_feet,bedrooms,bathrooms,garage_spaces,year_built,lot_size,hoa_fees,school_rating,crime_rate,distance_to_city_center,num_floors,has_basement,has_fireplace,has_pool,price
1660,2,2,1,1991,14971,235,7,0.498601464,37.68493659,1,1,1,1,644929
4572,5,2,1,1999,5933,182,8,1.499092532,41.56832277,1,1,1,0,525716
3892,1,2,0,1989,5926,208,1,5.375811381,38.79091063,1,0,1,0,660085
1266,1,3,2,1988,10379,492,5,5.757924711,2.901834443,1,1,0,0,840126
4244,1,1,1,1972,4969,129,2,6.451500833,10.51230975,2,0,0,0,408094
3971,1,1,0,2001,3965,152,2,0.169691293,27.29376795,1,0,1,1,726627
3719,1,1,0,1996,5319,12,1,9.603667746,46.80627998,1,0,1,0,737719
930,5,2,1,2012,9975,121,5,0.445880927,41.91288198,2,0,0,1,332275
2485,3,2,2,2018,8108,358,2,1.430619527,42.28419091,1,1,0,0,502854
1569,2,1,0,1992,10141,219,4,0.140145175,15.85720149,1,0,0,0,907605
3191,1,2,2,1997,4939,105,3,5.668584333,22.04294696,1,0,0,1,768582
3233,3,1,2,1983,1044,374,3,9.322668839,24.06459142,1,1,1,1,281136
1984,3,1,2,1989,2810,69,2,6.659471661,8.711207584,1,0,1,1,268082
4185,2,1,0,2010,5566,194,6,8.226574685,2.522338382,1,1,1,0,353301
4917,5,1,2,1999,11273,185,2,0.132812035,47.39824207,2,0,0,0,642383
3704,4,1,0,2016,12690,98,8,5.420152985,12.7949167,2,1,0,1,223554
1274,4,1,2,2011,10021,81,8,4.595629775,12.75749628,2,0,1,0,494655
1882,3,1,0,2007,2909,74,5,4.989679442,5.085573635,2,0,1,1,859277
3358,2,2,2,1982,7364,373,7,0.722131853,46.49687985,2,1,1,0,578766
2847,4,1,1,1965,3581,339,4,6.844353611,29.40711863,1,0,0,0,713311
3547,3,1,2,1997,1691,191,1,5.032204149,33.684806,1,0,1,0,731469
1775,5,2,2,1959,13211,324,2,7.651488499,45.66726748,1,1,0,1,322310
2606,4,2,0,1987,14678,466,4,4.852906341,17.93538828,1,0,1,0,907032
989,3,2,0,1968,1931,213,1,1.493816362,31.45385825,1,0,1,1,888898
3534,3,1,2,1985,14128,314,8,6.482569541,2.901173282,2,1,1,1,880637
3805,1,3,1,2008,8910,443,9,1.723863621,10.15185388,2,1,0,0,599344
2699,5,3,1,2012,14861,466,4,8.723945634,41.73104445,1,1,0,1,800457
2067,1,2,0,1995,7382,381,3,6.131162391,38.57164946,1,1,0,1,996366
2328,2,3,1,1952,4406,366,2,1.572038836,18.18149188,1,1,0,0,677564
4002,1,2,2,2014,9339,317,5,9.623380575,19.46372076,2,0,0,1,543333
4356,1,1,0,1957,2032,143,3,5.183654633,27.14416724,2,1,0,1,540187
4690,4,3,2,2000,2311,383,7,0.728984519,1.01180923,1,0,1,0,369072
1446,3,1,0,2022,9579,215,6,6.268329044,12.82097247,2,1,0,0,941741
3688,5,3,0,1955,4121,360,1,2.53198907,11.20335862,1,0,1,0,305719
3235,1,1,0,1988,2873,323,8,8.036934519,13.27366439,2,0,0,1,796248
1400,5,3,0,2009,12780,14,2,8.178220736,40.48938628,2,1,1,1,850385
3163,1,1,1,1977,10107,216,5,9.789473559,14.70401897,1,0,1,0,799192
2861,2,1,2,2003,11070,491,9,5.01869531,10.38454478,2,0,0,1,216196
1041,1,3,2,1986,7781,438,8,4.549568797,25.70890958,2,1,1,0,109404
2841,4,1,2,1958,4748,34,2,7.534756054,43.41660678,1,1,0,0,526855
3624,3,1,0,2005,1277,182,9,1.324706563,12.82613549,2,1,0,0,833478
3412,2,1,1,2008,11169,269,5,5.469155138,4.848275897,1,1,0,1,553814
2163,1,3,2,1951,2859,432,6,5.462476001,18.46383206,2,0,0,1,737475
2278,5,3,1,2010,12228,466,3,0.894731228,37.6349394,1,0,1,0,996881
3356,2,1,0,2007,12563,357,3,4.179840855,27.98383669,1,0,0,0,651972
1575,2,1,2,2009,6929,99,8,8.532847986,41.02287511,2,0,1,1,692879
4814,1,3,1,1989,7792,6,2,8.56153622,48.02001523,2,0,1,0,481965
834,2,3,0,1985,5713,29,2,0.992376649,39.84046136,1,0,1,1,833082
3952,5,1,1,1986,14918,466,5,0.907208827,30.58635086,2,1,0,0,364826
2755,2,1,2,1967,11374,304,6,2.62695477,25.17373781,2,0,1,0,211186
2385,5,1,2,2012,5675,472,2,8.747660626,2.963385231,2,0,0,1,867469
4743,1,2,0,1971,2170,143,5,1.289025851,49.23177696,1,0,1,1,646120
3873,3,3,0,1960,9681,110,7,7.199968026,19.79057501,1,1,0,1,641285
1821,2,2,0,2007,11717,231,8,1.011656196,8.459182482,1,1,0,1,396784
4261,3,3,1,2006,10374,178,7,6.231378537,33.66873391,2,1,0,1,570098
3413,5,3,1,1953,13671,71,8,3.560672991,14.93012617,2,1,0,0,140491
4643,2,3,1,1956,13450,209,9,7.88913963,29.70313528,1,0,1,0,163043
2300,4,3,0,2010,11680,219,5,2.336904488,29.75162748,1,0,1,1,998607
961,3,3,2,2003,11068,79,5,6.392018294,22.84076122,2,0,0,1,228568
2781,2,3,2,2017,6308,499,4,2.356825346,41.96981216,2,1,1,0,476394
1795,3,3,1,1950,3462,82,9,7.136602831,13.98338602,2,0,0,0,697013
4142,2,2,1,2004,14650,41,5,8.736780346,22.98299699,2,0,0,1,228131
4598,1,1,2,1952,10822,272,2,1.268017991,27.3469143,1,0,1,1,145520
2075,3,1,2,1987,14492,190,8,8.665956886,33.51761132,2,1,0,0,425063
1816,4,2,1,1950,1287,172,7,5.935752544,39.41462067,2,1,0,1,734157
1137,4,2,1,1987,6953,460,8,1.271104909,20.34555686,1,1,0,0,688730
1678,5,2,2,1978,5282,6,3,4.275418554,32.65630026,1,0,0,0,885313
1876,2,2,0,1954,2907,154,4,1.608602935,8.3799367,2,0,0,1,252842
4793,3,3,1,1970,2161,9,5,7.003478889,46.69975693,1,0,1,0,467390
1179,5,1,2,2020,1129,33,6,7.588681344,19.76988151,2,0,1,0,802858
1292,3,3,2,2016,7337,35,1,1.057965203,36.74654968,2,1,1,0,471831
2862,2,1,2,1996,3363,408,4,5.061398527,1.996713012,1,0,0,1,622485
4684,4,1,2,1984,9151,5,5,8.14625056,11.05417,1,1,0,0,747735
864,1,2,0,2017,6983,407,7,9.361630416,24.86704467,2,0,0,1,685765
3368,4,3,2,2018,1143,401,5,5.135178667,44.03437092,1,1,0,0,624532
2827,5,2,1,1950,9207,214,1,9.502792236,26.83550235,2,0,0,0,965885
3495,1,3,0,2017,8469,133,7,5.356889705,46.56365363,2,0,0,0,550953
2295,5,1,2,1961,1244,284,8,3.941904946,24.70604793,2,1,1,0,277561
1191,2,2,0,2009,1926,125,7,8.482031286,25.03200574,1,1,0,0,957735
4361,1,2,1,1976,4178,408,4,4.929827105,6.867592637,2,0,1,1,390534
3078,5,1,2,2005,3176,438,8,4.719025106,40.33015596,2,0,0,1,634535
3899,2,1,1,1972,6002,336,5,4.903124894,13.10130521,2,0,1,0,300123
1000,4,1,2,1974,1886,173,9,8.467850019,45.08101198,1,1,0,1,815079
3904,2,2,2,1970,9532,151,5,8.319415417,45.6303868,2,0,1,1,527894
3254,3,3,2,2010,11243,330,1,4.035199924,47.22219548,2,1,1,0,581018
4445,2,2,2,2012,4398,25,9,3.332998599,26.49129397,2,0,0,1,307358
1604,2,3,2,2001,14721,382,5,4.91928024,34.17759545,1,0,0,1,916015
3531,3,2,0,1974,13142,114,6,5.727725097,39.14727812,2,0,1,1,616456
3573,5,2,2,2004,9497,381,4,2.383372106,7.419716314,2,0,0,1,239148
2370,5,1,2,1995,10099,481,6,7.939550847,30.44690255,1,1,0,0,246123
3490,2,3,0,1981,3654,283,8,4.864827657,2.680597164,1,1,0,1,497530
4640,3,2,0,2004,12984,386,3,3.340455484,25.38073809,2,0,1,0,652958
1828,3,2,0,1954,8392,74,5,1.06820993,8.587291399,2,0,0,0,593973
1302,4,1,0,1985,13234,165,2,2.388451604,9.963223372,2,0,1,1,110236
1670,5,1,0,1998,2371,188,2,9.492811718,18.88733077,1,1,1,0,135568
1006,1,3,0,2007,8135,77,7,3.050996868,22.18942117,1,0,0,1,731615
2284,5,2,2,1988,1320,434,6,1.688592894,31.5354488,2,1,1,0,355745
1663,5,3,2,2010,5654,89,4,4.606727917,4.646992503,1,1,0,1,472332
3590,4,2,1,1958,13251,175,5,3.070877434,25.6808963,2,1,0,1,585119
1363,1,3,2,1955,6300,20,1,0.351592503,9.948631382,2,1,1,0,378496
4991,4,1,2,1984,7761,53,7,3.231452173,29.12478358,1,0,1,1,750009
2557,1,2,0,1988,7854,183,8,5.441086239,32.232826,2,0,1,1,359291
2478,2,3,0,1971,6505,358,9,5.51712372,28.27875357,1,1,1,1,538866
4042,1,1,2,1990,14929,221,8,3.565589212,37.17648001,1,0,1,1,503562
1859,4,1,1,1954,10323,314,5,4.473027563,17.44485297,2,0,0,0,780516
2522,5,3,0,1991,11770,327,3,9.655179182,38.49022299,1,0,1,0,155904
4114,1,2,2,2016,7553,178,9,3.773484772,22.205587,2,1,0,0,378252
3957,1,2,2,1979,5042,275,6,2.582268133,24.72504042,1,0,0,1,622247
3425,3,1,1,2006,12559,111,5,2.434670441,32.75700424,2,0,1,0,889285
3529,5,2,1,2022,10009,223,3,4.577646127,1.899560816,2,0,1,1,446300
2397,2,2,0,1978,14482,213,6,7.595201487,33.04571685,2,0,1,1,366320
3860,4,2,1,1986,8498,58,3,2.059881842,31.3106723,1,0,1,1,724747
3493,2,1,2,1962,7636,326,6,7.092961271,16.18250872,2,0,1,0,519136
4427,5,3,2,1981,8362,392,4,0.211498233,5.20391996,1,0,0,0,285922
2163,1,2,1,1995,1011,108,2,4.18932978,5.455837046,1,0,0,0,237901
2781,1,1,1,1972,1194,384,8,7.758650652,46.2379636,1,0,0,0,223225
2463,5,1,1,1994,3537,156,4,3.387329558,34.77468674,1,0,1,1,593406
2329,1,3,1,1966,3842,190,9,5.637371014,7.228028075,1,1,1,0,860135
2838,1,2,0,2015,3229,199,7,2.049792328,18.4794353,2,0,0,0,321738
4102,1,2,1,1955,4009,311,2,7.419953911,30.0316667,1,1,1,0,735181
3037,4,3,0,1967,8984,195,4,0.522791033,41.94301355,2,0,1,0,960359
2106,4,3,2,1971,13943,34,5,8.525426449,3.139385507,2,1,1,1,578076
4829,3,1,1,1982,3077,378,3,1.981963864,12.59502344,1,1,0,0,342726
3475,2,1,0,1979,14907,386,9,8.743980317,44.59770052,2,0,1,0,402811
2082,5,3,1,1981,8845,245,5,3.525292413,1.449111959,2,1,0,0,821202
1509,5,2,2,1991,4867,236,2,7.226835745,10.86855604,1,1,1,1,529059
4548,5,1,2,1959,14407,103,3,3.192252978,47.99218462,2,1,1,0,806168
1463,3,1,2,1985,5873,6,9,9.059116712,31.05669048,1,0,0,0,523759
2798,4,2,1,1983,9635,282,7,1.266371255,13.82189697,1,1,1,0,565996
4245,3,1,1,2022,1297,0,2,1.785197893,4.282563625,1,1,1,1,106611
4543,5,2,0,1977,14095,218,9,4.930301252,2.381375682,2,0,1,1,450386
2295,2,2,2,1960,6856,463,4,0.81938439,12.9925089,2,1,0,0,971044
4104,1,2,1,1988,10036,229,9,1.959801847,44.19280516,2,1,1,0,933334
4563,4,3,2,1996,2015,454,2,9.437663822,21.37976906,2,1,1,1,871812
2653,4,3,2,1968,2384,171,4,9.764896611,36.29633509,1,0,1,1,395187
2091,3,3,0,1964,10589,86,5,3.762593293,45.99596673,1,1,1,1,236343
4381,4,2,0,1977,9745,40,2,9.23286021,20.99398262,2,0,1,1,959299
4257,5,2,0,1973,3350,122,1,5.448246757,10.37259118,1,1,0,1,439233
2436,5,3,0,2021,13708,330,7,2.697424659,26.33877861,2,1,0,0,945177
4496,3,1,2,1958,2269,297,1,7.023987211,45.49610067,1,1,1,0,590092
3799,5,2,0,1996,2260,372,8,6.589018066,40.41434629,1,1,1,0,290191
3952,2,1,0,1982,8701,416,3,9.891253191,4.225662325,1,0,0,0,766933
1498,3,1,0,2011,9376,177,6,2.650472874,34.9360672,1,1,1,1,776769
2960,2,2,0,1968,5563,62,7,6.720595027,29.0229786,1,0,1,1,972402
4897,1,2,2,2016,7897,483,1,0.52023755,45.46569564,2,1,1,1,386608
1654,2,1,0,1989,11602,164,6,1.136460387,7.001589426,2,0,1,1,349220
4274,1,1,2,1996,14594,488,7,0.03918375,27.16776955,1,1,1,1,536056
2507,1,3,1,2014,6672,186,6,9.994606811,44.09367198,2,1,1,0,742811
3577,2,3,2,1978,13623,382,4,8.022736971,21.09116555,1,0,1,0,644950
2533,3,2,2,1999,11401,208,1,7.867230147,24.61775097,1,0,1,0,904660
4310,5,3,0,1962,6593,226,9,5.097260753,4.452573206,1,0,0,0,685009
1002,5,3,1,1950,12864,431,4,3.000670829,14.62903838,1,0,0,0,762746
4055,1,3,1,1983,7155,388,7,1.512642845,16.90082581,2,1,1,1,893294
1566,1,3,1,1997,6543,47,7,2.846747388,47.31099999,1,0,1,1,664396
3127,3,1,1,1997,8240,223,2,3.759712219,14.85070067,2,0,1,1,191788
3731,4,2,2,1998,5683,2,1,7.56310097,23.58256803,1,0,1,1,568239
997,2,3,1,2013,2881,371,8,5.396617889,33.89391675,1,1,0,1,344437
2730,1,1,2,2010,13488,174,8,0.774836266,8.946985248,2,1,0,0,861299
4382,5,1,2,1978,9713,445,7,0.18029009,24.83567697,1,1,0,0,966572
1408,3,1,2,1988,11079,98,8,1.023321795,37.18841293,1,1,0,0,782561
4072,2,3,1,1975,11744,115,3,4.104987137,43.47590544,2,0,1,1,955010
1947,3,3,0,1966,4809,269,2,9.33192917,31.68670446,2,1,1,1,149966
4197,2,2,0,2020,6807,446,7,6.374024812,33.78362225,2,0,1,1,285846
3311,2,3,1,1962,5883,367,8,8.018258999,7.187890157,1,1,0,1,372530
2594,1,3,0,2018,8206,252,1,4.663745945,47.34304837,1,0,1,0,701516
1459,3,1,0,1975,5155,316,9,3.616660832,7.496129797,2,0,1,1,246297
3611,3,2,2,1998,5673,414,4,1.084003727,38.95897392,2,0,0,0,509909
2169,5,3,2,2016,13608,94,4,8.759330222,13.97599977,1,0,0,1,434341
2786,5,3,1,1956,14746,272,3,7.83160029,46.74606404,1,0,0,0,143021
946,1,1,1,2007,12671,379,6,1.681180976,36.27801743,2,1,0,1,481059
4019,1,1,0,1998,14210,23,1,5.122605639,37.93687194,2,0,0,1,249333
3711,4,3,2,2002,2409,115,6,4.873748079,11.73389948,2,0,1,0,520594
2534,5,2,1,2014,10886,150,2,6.250915527,22.70895886,2,0,1,0,876934
2643,2,2,1,2011,13856,337,9,9.46186894,31.27284653,1,0,0,1,186755
1288,3,1,1,1966,6197,49,2,5.797714418,38.72870729,1,1,1,0,166330
3776,1,1,1,1992,8452,205,7,5.402172668,6.09400942,1,1,1,1,802726
2759,3,3,1,1974,9718,497,1,0.503229329,48.15590051,1,0,1,1,958754
3185,3,1,1,1952,11852,334,7,0.62907476,44.62081286,2,0,1,0,988750
3719,4,3,0,1978,3172,78,5,1.873467913,14.24708093,1,0,0,1,669601
2602,5,2,2,1981,14158,69,8,0.324707717,41.31525191,2,0,1,1,334729
4861,1,2,2,1975,1279,26,4,7.433528956,26.39787223,1,1,1,0,857071
4169,3,3,1,1965,12156,270,7,7.23330304,23.6285176,1,1,1,1,389176
1062,1,1,2,1974,4977,49,6,1.360562344,16.40727118,1,0,0,1,585179
1423,2,2,2,2003,3669,291,5,8.360789008,29.46746074,2,0,1,1,248430
1816,4,1,2,1977,12085,246,4,1.547860348,36.76456677,1,0,0,1,948142
4443,2,2,1,2022,8825,263,7,3.01175587,21.13571234,2,0,0,0,457470
2849,1,3,1,2005,10943,78,5,2.489768992,31.83174046,2,0,0,0,448301
4523,1,3,2,2014,4981,386,5,3.723070986,35.26633314,1,1,0,0,542037
3908,5,3,2,1990,5769,189,1,2.546637659,35.84496903,2,1,1,1,128365
4890,3,2,1,2000,6247,46,2,4.889509264,3.546338808,1,0,0,0,375333
2856,3,1,0,2020,11553,460,5,4.074078814,43.12764248,2,1,0,0,569965
3970,2,1,2,1978,5427,360,3,9.865694908,23.45441242,1,1,0,0,631536
2482,4,1,0,1968,14461,353,2,0.559263501,13.858388,2,1,0,1,104369
3055,3,2,2,2015,7135,471,4,1.421813764,12.84646087,2,0,0,0,556979
1954,5,2,0,1990,6573,487,4,0.528258939,24.66769153,1,1,1,0,915037
3991,2,2,0,1994,5131,351,4,6.25841195,44.45474543,1,1,0,1,936048
2496,2,2,0,1964,10900,188,4,0.545092774,19.5390315,1,0,1,1,547695
4791,5,2,1,1952,14731,415,3,8.364397374,37.73656159,1,1,1,1,465863
2448,4,1,0,1960,8189,255,7,5.119386307,5.744117818,2,0,0,1,271955
2245,5,2,0,2002,11878,221,9,5.270076246,24.32677841,2,1,1,1,657343
4999,4,2,0,1995,12087,371,5,5.615945077,49.59262088,2,0,1,1,824091
4723,5,1,2,1979,14667,240,4,1.708137063,38.75145234,2,0,1,0,478824
1053,5,2,0,2006,5535,268,2,1.976903031,11.31589593,1,1,0,0,369594
3983,1,1,2,1967,3776,0,2,3.188173229,25.57063221,2,1,0,1,233997
3357,2,1,0,2000,10311,33,5,5.934964158,12.44761342,1,0,0,1,573267
898,5,3,0,1997,12180,445,7,2.101177759,21.06848544,2,0,0,0,150272
3000,5,3,1,2015,13451,78,9,1.163317271,39.22411716,1,1,0,1,105310
3761,3,3,2,1957,13435,235,7,9.701168864,38.79001595,1,1,0,1,131817
4577,2,3,0,1971,8697,333,5,0.219818148,12.17691852,1,1,0,0,608350
3669,3,2,2,1955,9386,376,6,8.026974053,46.18894259,1,1,1,1,586160
4034,2,3,2,2006,1662,348,3,7.880351496,30.03584096,1,0,1,1,537744
4591,3,1,1,1985,9671,97,5,2.972141138,19.61629026,2,0,0,0,840176
1756,5,2,1,2006,9044,81,8,1.35626616,25.59484346,1,0,1,0,182641
4867,5,3,1,1998,5218,454,1,1.456286467,30.64849142,2,1,0,0,839443
960,1,1,1,1994,10615,476,1,6.974316172,28.43463606,2,1,0,0,831670
2100,3,2,1,2015,6060,414,7,6.428065911,24.83384674,1,0,0,0,639745
4787,4,2,1,1994,11900,191,5,7.827456743,25.7417074,2,0,1,1,142311
2327,1,3,1,1969,12367,252,5,9.374811724,9.644183611,2,0,0,1,251958
2018,3,2,1,2013,6874,408,1,6.919273633,40.82391231,2,0,0,1,570328
3904,3,1,0,2016,6581,37,9,1.558515366,27.54625568,1,0,0,1,544093
3535,1,2,2,1952,13006,13,1,2.434426168,7.422913224,1,0,0,1,747861
1754,5,1,1,2003,3014,391,5,8.421937309,38.54169798,1,1,1,0,459571
4246,3,2,1,2013,4789,346,9,2.093060758,46.68975494,1,0,0,1,922613
1845,5,3,2,1989,13997,309,4,0.72522317,47.41803806,2,0,1,1,264334
2493,1,1,0,2008,11635,385,8,7.03280054,19.08186889,2,0,1,1,493238
4236,5,2,2,2004,10103,208,6,4.025263555,7.640326804,2,0,0,1,887560
1362,2,2,2,2011,14648,356,3,9.200400525,26.40158171,2,0,0,1,703810
3285,4,2,1,1953,8148,461,4,6.502550711,6.517852238,2,0,1,0,263394
4154,3,1,2,2009,8766,88,2,0.904189778,46.76538351,2,0,1,1,148929
1025,4,1,2,1979,12405,55,1,9.478565673,9.99540174,1,1,1,1,705984
1759,5,1,1,1951,3364,93,8,2.585572636,13.38552714,2,0,1,1,477389
3867,3,3,1,2011,4629,92,1,3.372124904,20.92518982,2,1,0,1,896240
1615,5,3,1,1998,6919,339,1,4.022604137,19.77505896,2,1,1,1,719436
3920,2,1,1,1958,6675,84,4,0.512242964,39.93848173,1,1,1,1,546098
816,1,2,2,1980,12664,444,6,4.965154222,23.35952421,2,0,1,0,908157
2043,3,3,2,2010,9872,244,9,1.233184911,9.36764474,2,0,1,1,434678
3005,2,1,0,1997,14621,21,1,4.009703267,14.09328488,1,0,0,0,402094
3324,2,2,0,1974,7638,290,7,3.50709788,25.94655587,2,0,0,0,844314
1869,3,3,2,1985,5651,484,5,7.728400834,8.225241954,1,0,0,1,183576
4244,5,2,0,1957,1609,271,8,8.031705116,30.97112811,1,0,1,1,120557
3365,2,2,2,2022,8940,305,7,1.534128824,28.72161802,2,0,1,1,646113
1860,4,2,0,2007,11348,121,4,3.665511874,36.0204135,2,0,0,0,371142
3127,2,2,1,1994,4866,127,4,3.73353161,46.94752615,1,0,0,1,136080
4220,5,3,0,2011,1371,112,6,1.514104439,45.70047349,2,0,1,1,883103
1101,5,3,1,1988,7998,426,6,7.984535051,47.35770529,2,1,0,1,288869
1406,4,3,1,2007,1615,272,9,7.072283283,12.99106425,1,0,1,0,771162
3970,2,1,1,2013,7911,335,5,1.903817863,7.446700025,1,0,1,0,593844
1499,5,3,1,1993,7010,441,8,3.667219086,15.81155832,2,0,1,1,666695
1939,3,2,0,1978,3253,129,5,1.058050249,44.85917347,1,1,1,0,220283
990,1,3,2,2008,5942,131,2,6.282065971,48.63062026,2,0,1,1,113338
3100,1,2,1,2020,13330,84,6,1.213719245,43.1069226,2,0,1,0,700577
1780,1,1,0,1958,1864,422,9,9.859341686,6.390868335,2,1,0,1,564736
3775,2,2,1,1955,2268,481,3,7.806820747,47.4239719,2,0,0,0,774255
1984,4,2,0,1978,8454,349,1,3.902385496,21.74454334,1,1,0,1,278982
4127,5,2,0,2007,14666,389,1,5.785639323,1.456204247,2,1,1,1,209367
4194,3,1,0,1966,9976,80,3,9.113418162,22.6772933,1,1,0,0,428042
927,3,3,2,1965,5571,486,5,5.540992804,3.257389314,2,1,1,0,741774
2865,2,3,0,1952,13370,472,3,1.744984864,27.65001814,2,0,1,0,448684
2616,1,1,0,1970,6229,324,9,3.787033556,17.58914734,1,1,1,0,594775
1369,2,2,2,2013,3237,68,8,8.43144865,24.19831175,2,1,1,0,838497
2695,4,3,2,1985,5054,147,3,6.44213016,31.04534768,1,0,0,1,543853
3533,4,1,0,2011,14087,447,9,6.507243843,43.5712537,1,0,0,1,880343
4663,5,3,2,1991,1935,15,6,8.668214857,33.43317725,2,0,0,0,760709
4814,5,1,1,1991,13172,306,7,8.939730575,22.26839456,2,1,1,1,926395
3701,4,2,1,2010,7394,104,4,9.197925718,41.15196483,2,0,0,1,500966
2486,4,3,2,1962,8891,164,4,0.948491933,45.37352474,2,1,0,0,457073
3809,4,1,2,1960,11530,487,2,5.44126002,6.868238355,1,1,0,1,777823
954,2,3,0,2003,14956,200,5,7.405095212,27.0647159,2,0,1,1,699223
3337,4,3,2,1965,1325,196,8,7.569268451,14.94108603,2,0,0,0,814152
2209,3,3,0,1957,10726,425,7,6.06716202,3.305998696,2,0,1,0,900118
4857,1,3,1,2008,12672,184,7,1.667873352,33.75878806,2,0,0,1,599555
1584,4,1,2,2006,8774,321,6,7.974205539,43.2757681,2,0,1,0,163528
3975,1,2,0,1989,4861,264,3,7.201113335,8.982230069,1,0,0,1,724099
3606,2,1,0,2008,2985,362,5,0.861357715,40.80826922,2,1,0,0,608907
1337,1,1,1,1951,5932,99,1,4.638098247,42.81639094,1,1,0,0,384931
2641,2,1,2,1959,5603,341,7,1.739773995,45.80268169,2,0,1,0,477757
3255,3,2,1,1993,3778,319,9,3.374770457,13.99896937,2,1,0,0,812787
1324,2,3,0,1960,10462,213,1,0.180810922,45.29370019,2,1,0,1,884429
3750,2,3,0,1951,9832,277,2,4.003298684,16.71247498,1,1,1,0,204887
4931,5,3,2,1999,13895,161,3,5.498769212,28.06456266,2,1,1,0,161086
4915,4,2,0,1961,8754,438,3,6.195825928,3.474866071,1,1,1,1,988663
3168,4,3,2,1972,5078,156,8,6.634903451,3.15017333,1,1,1,1,355494
4647,3,2,1,1967,13853,421,7,8.362913131,36.29828742,2,0,0,1,608889
3501,3,3,2,2011,2367,250,6,2.154629073,22.77951892,1,0,0,1,687596
1771,4,3,2,2011,5042,365,4,1.204818224,13.55832639,2,0,1,0,377941
1966,5,1,0,1987,3575,96,9,8.515371719,10.33026131,2,1,0,1,367446
3574,4,2,0,2016,7754,17,1,1.566128149,33.82772105,1,0,1,0,556388
2782,5,1,2,1987,12795,326,2,9.747600813,1.019675657,2,0,0,1,662347
1653,3,1,0,2016,2581,448,4,8.425382294,40.48866729,2,0,1,0,231980
4946,1,1,0,2010,2986,382,3,5.008766059,4.8832307,1,1,0,1,815612
4536,3,2,0,1950,3240,96,1,9.814214249,10.38299113,1,0,1,0,573875
4569,3,2,2,1994,4966,0,5,0.973767291,19.92558337,1,1,1,0,243949
1374,2,3,0,1977,11297,215,7,3.030657612,24.75807825,1,0,0,1,376383
4061,2,1,2,1970,8604,131,2,6.38224415,18.39476067,1,0,0,0,127313
1948,2,3,0,1962,9320,259,5,3.500068685,16.71489608,1,0,0,0,142103
2515,2,1,1,1976,6968,124,6,9.28372552,48.23188459,2,1,1,0,279480
4654,5,2,0,1956,13993,81,7,0.656260882,32.43740438,1,1,0,0,576467
3291,4,2,0,1971,13188,282,1,5.494118321,2.148214813,1,1,1,1,188771
3460,1,2,2,2002,10043,170,7,5.908662674,22.07861951,2,1,0,0,226228
3924,3,1,2,1953,8493,58,4,6.527281238,43.87542629,2,1,0,0,191665
3851,5,2,0,1972,5103,31,8,2.556662233,15.77135313,1,0,1,1,896966
804,1,1,1,2019,3076,160,4,3.645664275,5.633260894,1,0,1,1,929492
1676,5,3,0,1982,6231,283,6,8.436805297,38.16085381,2,1,0,1,903621
1791,5,1,0,1977,3994,105,9,1.94942769,30.69467776,1,1,1,0,710355
4942,3,3,1,1957,4744,104,5,8.268678472,28.94531288,1,0,1,0,897399
1435,4,1,2,1950,14986,438,4,5.626554229,3.625251421,2,1,0,1,837351
2493,2,3,0,1986,11948,227,8,7.621875112,7.88445148,1,0,1,0,951995
2482,4,2,2,2012,6594,187,9,7.136073663,31.50492041,2,1,0,1,370804
919,3,3,2,1971,8531,69,4,2.075114954,11.18336823,1,0,0,0,480815
1630,3,2,1,2019,8371,317,3,5.688127364,25.69943391,2,1,1,1,584091
4475,3,2,1,1970,2644,463,8,8.677231528,27.69920262,2,1,0,0,229909
2169,1,3,2,1984,13563,289,5,4.321162368,14.89185232,2,0,1,1,533039
1540,4,1,0,1954,4144,86,2,9.665907702,47.47283262,1,0,0,0,549058
916,4,1,2,2009,14990,369,9,4.522151001,42.28074123,2,1,1,1,240688
3638,5,1,0,1995,1242,361,3,1.427856367,36.39630187,1,1,1,0,175976
1950,5,1,0,1999,5085,471,2,3.894346801,4.821699454,2,0,1,0,857496
2731,5,1,1,1997,8954,55,1,9.517024064,6.200370946,2,1,1,0,279810
1812,3,2,0,1955,8269,112,8,3.197208493,25.14628595,2,0,1,1,375251
2464,4,1,0,2005,8130,12,3,8.680981599,8.87495411,1,0,0,0,816764
1881,3,2,2,2008,7828,439,7,8.812506817,48.93500771,1,1,0,0,718470
1312,1,2,1,1978,9362,17,1,3.501865243,8.767491467,2,0,1,0,867441
3649,5,2,0,2020,9844,181,1,0.832576581,24.88592394,1,0,0,1,978219
1359,3,3,0,1967,7331,460,9,7.245579092,18.84193179,1,1,1,0,902386
4472,3,3,1,1951,4512,112,8,3.11512299,32.32993465,1,0,1,1,379087
4143,1,2,2,1957,14397,228,3,7.829236143,7.322784036,2,0,0,0,140725
4870,2,3,1,2003,2499,170,6,4.426548483,22.08550497,1,0,0,1,931866
2270,4,1,1,1987,11291,294,3,4.852667423,14.46054661,2,0,1,1,972183
1380,2,1,0,1997,3158,188,4,7.779094067,44.49982471,2,1,1,0,634398
3094,5,2,0,1976,11164,425,1,3.823633311,2.988699895,2,0,1,1,598864
3947,3,1,2,1969,13117,464,5,4.431273453,45.77264721,1,1,1,1,378606
2479,1,2,0,1961,6162,78,1,3.761904688,41.81671279,2,0,1,0,441376
4306,1,2,0,1992,11450,145,1,3.673405153,15.58096511,1,1,1,1,809441
3544,4,1,1,2010,5039,406,7,5.259465769,39.67524208,1,0,0,1,546015
4156,2,3,0,1980,3035,181,6,8.087994445,2.529464457,2,1,1,1,690855
4845,4,1,2,2010,12463,498,2,3.617683119,48.37641196,2,0,1,1,582517
2043,3,1,1,2016,8977,285,2,5.242547205,26.80315219,2,0,0,0,806584
3918,4,2,2,1984,1857,249,7,6.707273254,15.86077028,1,0,1,1,489569
2941,1,2,1,1964,4823,353,1,2.694394463,18.76657742,1,0,1,1,942495
3859,1,2,0,1965,7770,313,2,2.775228049,4.25386232,2,1,0,0,213394
3759,5,2,1,1962,10241,195,8,9.33413127,49.47812619,2,1,1,0,941672
3065,5,3,1,1984,13182,322,6,7.235345733,2.925305312,1,0,0,1,967784
3279,3,3,0,2008,1298,70,2,5.771866762,33.09044903,1,1,1,0,248940
2435,2,3,0,1970,8244,247,7,6.477200544,22.69406046,2,0,0,0,443133
2557,4,2,2,2003,1923,145,4,0.292994431,47.49689469,1,0,0,0,122222
2870,3,2,2,1979,5232,105,2,6.181029656,13.05398728,1,1,0,0,179794
3649,5,2,0,1997,14331,262,6,5.095088732,27.07225437,1,1,1,0,688212
4051,4,3,0,1984,5306,295,9,5.457496798,24.63545422,1,1,1,0,724142
4530,5,2,0,1987,3799,69,9,3.594238268,35.44045576,1,0,0,0,964945
3289,4,1,1,1980,14862,469,8,0.814738977,4.332501366,1,0,0,0,884326
2431,2,1,1,1973,7578,192,3,1.933392336,10.49566737,2,1,1,0,941081
3616,3,2,1,1998,5875,67,3,9.507447132,11.51367618,1,0,1,1,465130
1815,4,1,0,1981,6326,493,2,4.086995623,37.16938699,2,1,1,1,868103
2148,1,1,2,2004,13254,304,5,4.666831558,10.26779612,2,1,1,1,970181
3887,1,3,0,2007,7582,51,4,0.527097899,29.10109643,1,1,1,1,333127
3639,4,2,1,1952,13237,369,7,0.375662295,11.5469472,2,1,0,1,604434
1135,4,2,1,2018,2802,362,4,7.17181447,43.21962255,2,1,1,0,241295
1695,4,3,0,1959,11905,284,9,5.380946641,47.16708727,2,1,0,0,279238
4346,1,1,0,1974,14353,404,2,5.087059842,26.40615577,1,0,1,1,139369
1651,1,1,1,2017,13698,473,6,2.431245304,18.26313533,2,0,0,1,972811
2487,4,2,1,2010,12045,333,7,7.447507316,12.46883098,1,1,0,0,955824
2731,5,1,1,1978,3657,8,4,1.682365791,3.439269075,2,1,1,1,899093
4546,5,3,0,1968,13714,250,6,1.899347437,14.15650373,2,1,0,0,770951
3227,2,3,1,1992,4346,430,7,4.607121713,33.05755322,2,0,0,1,433862
2368,3,2,1,2015,10663,331,4,2.862798621,27.14722963,2,1,0,0,810595
4800,5,3,2,2010,3949,297,8,2.474629812,47.25802264,1,1,0,1,370114
3538,1,3,0,1992,1941,434,9,6.452376446,20.41758586,2,1,1,0,147922
4298,5,2,2,1974,2907,183,1,6.509717452,34.99930377,2,0,0,1,593614
4713,2,3,2,1969,5837,178,7,8.245170698,24.97681463,1,1,1,1,917187
1866,2,3,1,1997,14680,197,9,4.17708567,26.11623458,1,0,0,0,745214
3244,3,3,0,1973,9105,127,5,0.73085091,14.12094142,1,0,1,0,119416
4907,5,1,1,1960,2243,19,2,2.736663849,23.29258807,2,1,1,1,113672
4173,1,2,0,2004,6696,471,6,9.800054632,24.06846485,1,0,1,1,576684
4769,1,2,2,1977,14543,410,7,5.962585752,35.62548357,1,0,0,0,228145
3346,4,2,0,2018,13615,421,2,7.097370848,47.09135996,1,0,1,0,802356
1553,1,1,1,2012,2466,327,2,0.073578296,17.1367426,1,1,1,0,960527
2882,3,1,1,2008,4957,64,1,5.182057322,3.06782296,1,0,0,1,100064
3574,3,2,1,1954,2966,181,4,0.375286575,25.31846115,1,1,1,1,168835
3696,1,1,0,2000,1375,240,7,5.692302121,27.67860528,2,1,0,0,301457
4985,1,2,2,1970,1262,368,9,9.207708496,9.253587005,1,1,0,1,347795
1575,4,1,2,1961,5362,23,3,9.684191305,38.26276571,2,0,1,1,504271
2425,1,3,0,1999,7502,383,7,5.405526754,49.26152631,1,1,0,0,449738
3869,4,3,1,1953,12580,430,7,4.582048053,47.34296113,1,0,0,1,741204
1217,4,2,2,1991,12587,454,7,9.450170942,10.6581959,1,0,0,0,968948
914,1,1,1,1987,11136,82,2,6.73609832,43.89279876,2,0,1,0,951098
1416,2,1,0,1974,8833,469,6,0.648992795,35.52018818,1,0,0,1,295346
4774,2,3,1,1963,2893,318,2,4.657255777,23.23848163,1,1,0,1,373010
4067,4,3,2,1981,9106,184,6,2.402450185,27.48993872,1,1,0,0,103889
1625,1,1,2,1960,12826,438,3,4.698043214,42.63040857,1,0,1,0,218194
2316,2,1,1,2010,2652,315,2,4.55465572,24.52661204,2,1,0,0,224714
3946,1,1,0,1967,6540,98,6,5.821448028,19.28716109,2,1,1,1,655623
1212,1,1,1,1976,13333,61,2,3.567704903,25.16912716,2,1,0,0,150547
1528,1,1,0,2004,4892,285,5,1.642704495,29.3773604,2,0,1,0,257234
4148,5,1,1,2003,1599,476,2,5.037194346,10.26480504,2,1,1,0,844809
3608,1,2,2,1970,5815,21,3,8.302028843,45.14447878,1,0,1,0,780047
1475,5,1,0,1993,2912,458,3,6.640122281,34.03516049,1,1,0,1,985188
4265,4,3,0,1954,10484,211,6,3.383678659,32.03017695,1,0,0,1,373139
3304,2,2,0,1990,9792,125,6,9.355230228,5.875315083,2,0,0,0,549704
3767,2,1,2,2008,9572,412,3,9.122075712,30.60452297,1,0,1,1,102631
3586,2,3,1,2003,5213,498,3,2.093483994,6.92707245,2,1,0,1,237039
1922,2,2,2,1971,4637,424,1,0.394175851,4.856186085,1,0,0,1,974726
4879,2,3,0,2014,11355,41,7,7.413087084,26.83823389,2,1,1,0,449422
2371,2,1,1,2013,13547,97,8,8.276102613,20.73649117,1,0,0,1,688759
2943,2,1,2,2020,10290,448,2,9.67864566,29.85170324,1,1,0,1,399260
2487,4,1,0,1953,6599,30,4,8.898363941,5.371886235,1,0,1,0,978548
4932,1,1,0,2014,7448,157,7,6.005347682,22.11817008,1,1,1,0,527443
4651,3,2,2,1964,9557,111,8,5.300523392,9.564549037,2,0,0,1,757302
4240,5,2,2,1971,14945,401,1,0.278410513,49.36790421,1,0,1,1,671952
4566,3,3,2,1996,11762,246,4,2.466564468,28.49636041,1,0,0,0,783429
3126,3,1,0,1995,12611,121,6,4.596147517,34.68440619,1,1,0,0,187342
3714,1,3,2,1963,14749,272,3,6.285039001,16.94549575,2,0,0,0,114407
4752,1,2,0,1999,8382,293,5,5.572518333,5.642206824,1,0,0,0,213926
1395,1,1,2,1969,11668,397,9,7.426359897,48.81767228,1,0,0,1,421345
1528,2,1,0,1999,9982,470,3,2.797669309,15.02669273,1,0,1,0,966525
2165,4,2,0,1982,4569,472,5,5.649526077,21.76660107,1,1,1,1,547564
1498,2,2,1,2008,8707,206,8,0.881422434,32.84333216,1,0,0,1,837341
1195,4,2,2,1992,1746,109,6,4.136655236,2.210167587,2,0,1,1,642166
4971,4,2,2,1961,9504,439,4,7.50160833,40.7026974,2,1,1,0,183100
3302,3,2,0,1989,5633,277,8,6.934008534,27.29233131,2,1,0,0,965061
2619,3,1,0,1969,1920,450,3,9.906427372,14.63264217,1,1,1,1,548636
1517,4,2,0,1987,10269,55,3,2.77891126,4.018791279,2,0,1,1,594308
3582,4,1,1,1952,14778,374,4,4.981892992,8.962422358,1,1,0,1,323059
4377,2,1,1,1977,8008,402,9,3.295304138,44.85665908,1,1,0,1,667456
943,2,2,0,2005,12021,56,5,4.406031141,34.61518697,1,1,0,1,350396
3940,3,2,2,1962,3381,427,8,8.569501299,13.24518436,1,0,0,0,874769
3738,1,1,2,2015,4618,481,6,6.842090752,4.214437482,2,0,0,0,417006
4436,4,2,1,1986,9989,290,3,8.824411913,34.84015031,2,0,0,0,128004
4022,2,2,1,1998,5443,113,8,2.035111083,29.04797857,2,1,0,1,906903
1967,3,2,0,2015,1272,380,9,8.733611178,20.8214567,1,0,1,1,624252
3416,2,3,2,1985,12202,384,8,0.597622742,18.81696101,2,1,0,0,716108
1862,4,1,0,2003,14007,307,4,8.885992804,11.62389952,2,1,1,0,291239
2956,4,3,1,1975,2773,340,6,3.290737795,33.81095157,1,1,1,1,726517
3782,5,2,2,2021,3547,476,1,3.145876334,48.56273336,2,0,0,0,577044
4094,1,3,2,1989,4164,197,4,5.120885767,9.610047046,1,1,1,0,951740
1956,5,2,1,1992,5780,420,8,9.406901877,30.25871438,2,1,1,0,446113
1532,3,3,0,1971,13909,320,1,0.477813647,21.78506773,2,0,1,1,114568
1753,2,2,0,1969,1946,178,3,3.522309751,22.88774737,2,1,0,1,633754
3339,3,3,2,1957,11857,384,1,8.565719887,13.45321673,1,1,1,0,322129
4124,4,3,1,1978,1506,218,9,3.960544774,41.43160891,2,1,1,1,681612
4101,5,3,2,1989,14870,276,2,1.991568976,24.7775246,2,0,0,0,988640
2342,5,1,1,1979,7719,436,9,4.247941813,27.62688676,2,1,1,0,246539
1991,5,3,0,2004,9435,15,4,3.855525015,15.93328473,2,0,1,1,700243
3793,3,1,1,1965,9697,491,2,9.154162015,9.908614818,1,0,1,1,247748
3481,4,2,0,1995,13709,378,4,7.619343757,5.209609022,1,1,1,1,194791
2017,2,3,1,2011,12350,60,6,5.051155557,35.99183791,2,1,1,0,786874
2340,2,2,2,1956,7360,53,7,9.883705667,10.6154798,2,1,0,0,995150
4036,3,2,0,1994,8657,167,3,4.652775313,34.81369236,2,1,1,0,646938
3186,5,3,2,2008,4590,25,3,0.582378308,20.12844586,1,0,0,1,450434
4519,1,1,2,2005,11064,335,8,2.622743218,21.37296525,2,0,1,0,177701
2188,3,3,0,1997,12985,475,5,4.360704802,23.98969731,2,1,0,0,897115
2656,3,2,0,1976,2192,64,4,1.569026241,19.0177169,1,0,0,0,329164
2165,4,2,2,2002,13617,99,7,9.475651263,5.930378884,1,1,0,0,553035
1299,2,3,2,2022,13937,73,7,7.668488978,16.17195869,1,1,1,1,705266
2480,3,1,2,1984,2464,191,9,2.682872004,33.52298367,2,1,1,1,629148
1310,3,1,2,2000,1390,170,9,5.908045335,33.62343567,1,1,1,1,759089
2124,5,2,0,1986,6615,272,5,7.214491571,15.02499105,1,0,1,0,655639
1955,5,2,0,2006,13668,376,8,9.412789289,23.5450287,2,0,1,0,605920
2627,1,1,2,1957,12569,186,1,8.816353492,10.47891417,1,1,0,0,424888
3941,4,3,1,1969,14029,22,9,5.151922261,11.30823199,2,1,0,1,779706
4286,1,2,1,2002,7106,390,8,7.746526198,2.129307332,2,0,0,1,960587
2610,5,1,0,1961,14107,427,6,5.621447538,44.94058095,1,0,1,1,221449
3723,2,2,2,1998,9864,180,3,5.5270389,11.32462659,2,0,1,1,700988
3014,5,3,2,1966,3560,326,3,1.147419583,12.14915997,1,1,0,1,859774
4986,4,1,0,2013,6867,107,8,1.26137658,14.7004702,1,0,1,0,893387
1513,5,2,1,1991,2211,334,5,5.29533615,7.242995513,1,1,1,1,357571
4402,4,3,1,1978,10121,161,7,2.68861545,32.32388128,2,1,0,1,563506
4934,4,2,1,1968,2539,301,5,0.210369025,4.682004706,1,0,0,1,537509
4322,4,3,0,1960,10104,492,8,7.228392039,7.57591889,2,1,1,0,816696
2043,4,3,1,1999,1643,451,4,0.324865967,32.5930796,2,0,1,1,908094
4509,4,1,0,2020,13714,205,2,5.952768411,17.6433704,2,1,0,1,630696
1881,2,3,0,2007,9693,77,3,5.391937941,35.68944351,1,1,1,1,795763
1255,1,2,2,1983,9921,15,8,9.688146906,28.31381249,2,1,0,0,363369
1694,3,3,1,1969,2283,326,7,4.842131393,13.54503748,2,1,0,0,563002
2184,1,3,0,1999,8680,95,2,0.636014364,32.89056957,1,1,0,1,246444
2758,4,1,1,1959,11310,146,6,5.516879678,6.697410334,1,1,1,1,881608
3872,2,3,1,1981,8345,1,9,8.410961706,27.28410877,2,0,0,1,641567
2796,5,3,2,2001,13744,9,4,9.968492843,22.42025715,2,0,0,1,210401
1304,2,2,1,1964,5386,433,9,4.303431737,14.12580556,1,1,1,0,326801
2014,4,1,2,1952,13028,124,2,3.202987425,30.59624489,2,0,0,1,871668
2331,2,1,0,1986,1919,80,2,9.06653297,43.69534602,2,1,1,0,603575
4240,2,1,1,1989,13242,484,9,1.912421291,49.94633029,2,0,1,1,978836
1623,4,3,0,2021,3339,139,7,6.15428915,30.78037567,2,0,1,0,269259
1728,2,1,1,1989,9947,325,7,4.057144242,20.83058784,1,1,0,0,347145
933,3,3,0,2005,14946,149,1,0.41082365,12.03514791,2,0,0,1,410625
2905,3,3,1,1972,6930,287,6,3.472884743,13.59770838,1,1,1,0,783835
4427,2,2,1,1960,6402,360,7,2.652285225,24.49329393,2,0,1,1,144552
2652,5,2,1,2013,6663,339,6,6.860911539,18.99660736,1,1,1,0,299041
4975,4,2,1,1957,11061,128,6,9.487904977,45.77691161,2,0,0,0,307606
3733,3,2,1,2005,13664,437,2,2.680471874,19.04647792,1,1,1,1,854965
4084,5,2,1,2009,6275,238,6,8.114659392,19.29878497,2,0,1,1,886157
3611,2,3,1,1959,1507,57,4,0.553598169,19.79319111,1,1,1,0,500074
2050,5,3,1,1988,2436,197,9,5.3812101,41.99439031,2,0,0,0,829846
4312,1,1,1,1977,11767,210,1,0.705500637,32.88862772,2,1,1,1,174474
2056,3,3,0,1998,12618,401,8,9.340329911,31.09427367,1,0,0,1,387312
4176,2,3,2,1985,9750,389,5,7.663512806,17.3730081,1,1,0,1,656387
4286,4,2,1,1962,8354,44,1,6.579499112,41.07730466,1,0,1,0,302252
4384,2,3,2,1985,12294,96,4,8.238963816,2.879829206,1,1,1,1,864742
2196,4,2,1,1975,5516,278,1,6.475197956,43.66906144,1,1,1,1,423599
4437,2,1,1,1953,14840,22,6,9.689443972,26.12474509,2,1,0,0,678528
4130,5,1,0,2013,4622,409,2,7.139579479,20.51426151,1,1,0,1,436940
3503,5,3,0,1987,5399,460,5,9.246586096,25.36119676,1,0,0,1,941024
1270,5,1,2,1971,6037,390,7,5.17131892,33.703361,2,0,1,1,885034
2153,1,3,0,1951,13249,334,2,1.17064413,1.625505899,1,0,0,1,484325
3583,4,1,0,1980,9111,43,6,5.281777214,43.70604097,1,1,1,0,352051
3631,5,2,2,1960,4715,26,6,1.268728281,22.89023674,1,1,1,1,201611
1157,1,2,0,1995,8837,281,5,5.924934792,17.80535947,2,1,1,1,682334
3819,4,2,1,2011,2301,96,5,4.824930605,7.774032716,1,1,0,1,874756
1467,2,2,2,2018,8370,462,3,6.225753978,22.53380334,2,1,0,1,116488
1945,1,3,2,2013,6185,35,2,0.100469811,25.31981579,2,0,0,1,289913
4985,3,1,1,1959,3155,108,7,1.948404917,20.77868803,1,0,1,1,480665
4519,1,3,0,1989,7411,54,1,4.913304319,34.2543446,2,0,0,0,808029
3545,1,2,2,1973,7365,191,6,9.505035616,21.62392991,1,1,0,0,766205
1339,4,3,2,1993,14841,218,6,3.836090404,48.10946131,1,1,1,0,791419
3579,2,1,1,2009,1692,184,3,4.243720261,30.36459837,1,1,1,1,118394
4936,3,3,1,2011,13542,68,2,7.14696089,40.56641885,1,1,0,1,980425
4575,5,1,0,1966,2478,316,2,6.037927573,6.358439252,1,1,1,1,276978
3308,5,3,2,2014,7396,129,9,2.989261501,20.46727335,2,1,0,0,159332
3579,1,1,0,2006,9448,54,5,4.108163956,17.50553737,2,1,1,1,268377
1724,4,1,0,2004,11622,377,7,2.176997989,28.90463702,2,0,1,0,142628
3756,4,2,1,2002,1441,96,5,9.660214591,43.19456248,2,0,0,1,907784
2381,5,1,2,2005,11073,335,7,1.306343816,4.83857267,1,1,1,1,579898
4124,3,2,2,1958,3646,86,4,3.718367846,4.556165104,1,1,1,0,969403
1055,2,2,2,1971,6209,293,8,0.258389722,42.6655677,2,1,1,0,151993
2638,3,2,1,1962,13012,118,7,2.217794919,11.42965422,1,0,0,0,270458
2744,2,3,1,1997,7533,207,5,7.804711384,33.76890947,2,0,1,0,989459
809,5,3,1,1967,5677,333,6,2.011752323,27.60102849,2,1,1,0,550281
3671,2,3,1,1989,8211,412,5,0.800634025,41.81178615,2,0,0,0,578720
1597,4,3,1,1966,10927,153,7,4.744531798,7.129356582,2,0,0,1,606357
1815,1,1,2,1964,12927,34,2,0.099692347,7.35936532,1,0,1,0,108539
2624,1,1,0,1964,3645,78,5,0.847661544,28.28409965,1,1,1,1,232335
3936,5,3,2,2012,9210,66,3,8.076258696,47.37255401,2,0,1,1,506521
2993,4,1,0,1988,10316,342,9,7.714733449,21.33489016,2,0,0,1,940249
1023,3,1,1,1962,13177,412,6,9.151388204,17.02016291,2,1,1,1,340310
4958,4,2,0,1981,11846,33,3,8.545154359,30.72777684,2,1,0,1,306873
4725,1,2,2,1958,8933,96,7,6.831755632,46.59198143,2,0,0,0,411251
4800,1,2,2,1989,6476,168,4,0.523328573,42.00946381,1,1,1,0,586476
2433,4,2,0,1969,14853,168,3,7.82848618,49.77869693,2,0,1,0,461799
2952,4,1,1,2022,8928,150,8,8.455108108,2.105860577,2,0,0,1,680420
1310,1,3,1,2012,3080,70,4,7.990821458,6.530049091,1,1,1,0,205494
1184,3,1,2,1993,7089,2,1,5.084790353,30.8639204,1,1,1,1,939411
1204,5,1,0,1987,8396,313,6,2.329018386,41.20824553,1,0,0,1,944445
2800,5,1,1,2009,10739,31,1,8.453299757,14.97697277,1,1,1,1,325997
3556,4,2,1,2020,8797,286,5,7.271628097,12.72134331,1,1,0,1,688085
2468,5,2,2,1997,1861,81,7,9.807611744,39.56181417,1,0,1,0,151798
2260,1,2,1,1967,9346,42,6,1.556925978,3.762710839,1,0,0,0,772010
4436,1,3,0,1965,4494,390,2,2.256645831,19.09974973,1,0,0,0,519230
3524,4,1,2,2004,1904,104,4,2.117981499,25.78465191,1,0,1,0,700709
4978,4,3,2,1988,2269,0,2,7.925397676,28.45708504,2,0,0,0,369578
2848,4,2,0,2017,1404,60,1,1.869072965,36.70214268,1,0,0,1,916460
4946,3,3,2,2008,10035,269,3,0.666598298,18.38744045,2,1,1,0,690846
1516,5,1,1,2011,10974,179,3,9.985608066,31.02153289,2,1,1,1,910763
2623,4,1,1,1962,10756,223,7,0.248172114,29.68339572,2,0,1,1,167573
2881,2,2,0,1955,2184,5,1,8.352440602,27.83318893,2,1,0,1,753761
4219,2,2,1,2009,9938,102,9,3.653668416,32.38368136,2,1,0,0,567508
2374,1,3,0,1963,2725,9,6,8.416154598,13.71300938,2,0,0,1,277398
1049,5,2,0,2003,12380,70,4,5.546204912,5.147788926,2,1,1,1,445123
1473,4,2,1,1953,9462,89,3,9.016312295,6.84431193,2,1,0,0,890555
2965,2,1,0,1988,14057,225,3,9.261929864,12.00453675,1,0,0,1,378747
1570,5,2,1,2021,6811,157,2,0.090981813,25.50969884,2,1,1,1,428085
4762,1,2,2,1974,6606,227,2,0.75412176,42.18169478,2,1,0,1,142597
2784,3,1,2,1981,4956,404,5,2.503587296,35.36337376,2,0,1,0,818598
1877,5,1,0,2008,1171,125,9,6.693154164,39.66298961,2,1,1,1,970670
1035,5,3,1,2012,9465,443,2,8.882721965,18.19780557,1,1,1,1,535935
1188,3,2,1,1987,3306,208,2,4.599419513,20.82803334,2,1,0,0,847146
3837,5,1,2,2002,10350,96,6,6.069731163,20.29041241,1,0,0,0,403895
2648,1,3,2,2016,10898,73,2,1.884998528,10.40178604,1,0,0,1,186978
3614,1,3,1,1977,10963,114,4,8.049668339,3.999616249,2,1,1,0,379837
4174,3,2,0,1952,1421,190,6,9.673281114,29.95488855,2,1,1,0,582757
4078,4,2,2,1971,6540,494,5,2.685989329,49.47161749,1,0,1,0,268769
2052,2,3,0,1987,10401,169,1,4.948259516,9.174655543,2,0,0,0,456668
4781,4,1,0,2021,5675,306,6,0.861161105,3.287556175,2,1,0,0,460013
2922,5,3,2,2021,10082,447,1,5.591366565,39.19705241,1,0,0,0,785352
2950,2,2,0,2011,14009,203,3,5.027834418,13.37671433,1,1,0,0,425969
2129,3,1,0,2006,12459,55,5,1.444364842,41.65254646,2,1,0,1,764882
2158,3,1,1,1955,14168,207,5,4.420662131,35.49289668,2,0,1,0,492619
3282,2,3,0,1981,14409,40,6,3.341046521,47.33800332,2,0,0,0,931838
2817,1,2,1,1959,7748,31,8,5.218308753,21.03743455,1,1,1,0,338078
2131,2,3,2,1952,7103,14,5,5.856543354,33.43652213,2,1,1,1,340140
2158,5,3,2,2008,2473,61,1,0.084955786,23.77788426,1,0,0,0,767481
3977,1,3,1,1998,4243,154,5,7.610059829,31.89884617,1,1,1,0,747659
2928,3,1,2,2008,13670,283,3,7.130142919,23.03034639,2,0,0,1,507435
2980,2,1,0,1980,3181,208,4,3.662863862,10.24298007,1,0,0,0,888049
937,4,2,0,2018,10641,319,8,0.529359356,25.88697338,2,0,1,1,143016
4272,4,2,0,2011,4096,493,7,7.549325398,26.90062587,2,0,0,1,543888
3632,5,3,2,2001,7646,186,5,9.551751605,40.71958856,1,0,0,0,386420
4379,4,3,0,1990,12448,497,2,2.40151596,37.04051458,2,1,1,1,855247
3831,2,3,2,1980,12348,441,6,3.235246137,33.52578957,1,0,1,0,434384
4964,2,2,0,1971,10782,129,6,1.838128895,6.555967682,1,0,1,0,992724
3393,4,1,1,1953,6882,126,6,5.769361233,36.31019824,2,0,1,1,286807
4618,2,1,2,1962,13431,291,9,1.548413946,25.51495266,2,0,1,1,642247
4938,5,3,2,1994,6982,113,8,3.561939435,44.81087727,2,0,1,0,652810
4623,1,3,0,1991,13173,198,8,6.970130139,46.07367577,2,0,0,0,549303
4842,5,3,2,1998,6798,12,1,5.60115983,3.702672939,1,0,0,1,503169
2706,5,3,2,1969,10627,270,5,3.864625643,41.21143646,1,1,0,0,126567
1560,2,2,1,2003,9415,88,7,4.202496018,2.847172131,1,1,1,0,553739
4245,1,1,1,1985,9411,214,6,5.621108826,18.99131166,2,1,0,0,162708
1699,2,3,0,1950,13466,443,5,0.058647279,27.57269881,1,1,1,1,226206
3747,3,2,1,1964,10846,277,8,0.785098685,8.256939133,1,0,0,0,646848
2519,2,3,0,1966,13720,446,3,8.812580678,37.56937682,2,1,1,0,682678
1080,2,3,0,1973,9456,473,6,0.778789891,1.409380504,2,0,0,0,750060
4066,2,1,0,2007,10145,480,5,7.068035962,9.261353373,2,1,1,1,561365
2687,1,3,2,2021,5524,202,8,9.200381641,29.45904466,1,1,1,1,407248
4066,2,1,1,1972,12925,73,4,2.706836043,36.00499054,2,0,1,1,682093
1466,1,1,0,1995,7559,24,8,3.704914371,45.91551203,1,0,1,0,336109
4988,4,1,1,2021,8620,100,2,5.689214058,35.56933594,1,1,0,1,595951
1471,3,2,0,1957,3774,175,9,8.817089696,33.91718424,1,1,0,0,386640
2769,1,2,1,2008,6673,426,9,9.419055873,20.32271617,1,1,1,1,838661
4956,4,1,1,2008,4124,116,6,7.395632481,1.062936851,1,1,1,0,191257
3922,1,3,0,1962,9671,165,4,0.866197609,6.887803678,2,0,1,1,103515
4700,1,1,2,1988,12706,40,4,6.691541555,27.19317269,1,1,0,0,628742
1323,3,3,1,1977,2353,428,6,4.103037219,34.08136441,2,1,1,0,337145
3193,5,1,2,2010,12514,343,5,4.707009995,21.45496591,1,1,1,1,122873
3917,5,3,2,1965,13070,423,6,0.491483903,36.80327156,1,1,0,0,960352
3393,1,2,0,1951,10081,365,7,1.910621393,26.57125247,2,1,1,1,375871
2768,2,3,0,1966,4854,119,7,7.905136075,4.634633584,1,0,1,1,752664
2553,4,1,0,1979,9134,96,9,4.53958833,10.4087963,1,0,0,0,693358
3096,2,2,1,1962,1924,144,8,3.016622416,42.15991294,2,0,1,0,985491
3061,2,3,0,1962,3170,215,6,3.84019074,36.52072458,2,0,1,1,748852
3086,1,3,0,1992,11094,228,6,8.543995133,44.84333736,1,0,0,1,328497
3678,1,3,1,1970,6506,312,5,7.489990174,6.760305207,1,1,1,1,741501
4943,1,3,1,2004,14650,129,1,2.723153972,49.5209042,1,0,0,0,805339
4444,1,3,0,1989,14065,351,9,1.175018402,11.26092898,2,0,1,1,649753
2855,5,2,0,1964,3395,376,9,2.519982216,1.577213938,1,1,1,0,284972
2076,1,2,0,2022,9220,317,9,9.207564511,49.87372401,2,0,1,0,684087
3566,5,2,0,2001,9226,471,8,5.815888378,14.77262039,2,0,1,1,610237
1102,5,2,2,2002,12781,136,3,5.334802087,33.73295317,1,0,1,1,720417
1438,1,1,2,2001,6515,323,1,5.963935997,9.657433395,2,0,0,0,514546
855,3,2,0,1979,3670,336,8,3.660282657,29.43119808,1,1,1,0,763662
1325,4,3,2,1982,4365,272,7,8.071070203,45.29771434,1,1,1,0,469432
4923,2,3,1,2006,1588,116,5,5.232862493,16.6888772,2,0,0,0,343761
2925,5,2,2,2001,12410,305,7,1.167479028,33.84244483,2,1,0,1,342821
4087,4,3,2,1958,4138,367,4,1.290651248,10.20727585,2,0,1,0,112875
1164,3,2,0,2003,10095,93,9,5.368591465,31.61497454,2,1,0,1,651507
2446,2,3,2,1950,7663,167,2,9.365702181,17.48606724,2,1,1,1,922614
1718,2,1,2,1993,5086,441,9,3.083521217,11.34920467,2,1,0,1,835901
3597,5,1,2,1958,11361,202,9,8.695411689,16.34592048,1,1,0,0,535485
2331,1,2,2,1981,9531,340,5,7.640955866,9.763212357,1,1,1,0,441925
4145,3,2,1,1964,5270,148,1,2.478124429,45.19388928,1,1,0,1,106457
2706,5,2,0,1961,7019,401,7,0.363407483,20.46215743,2,1,1,1,133064
3886,3,3,0,2006,10906,182,4,1.018472651,13.01868594,2,1,0,1,739544
2875,1,2,1,1957,13884,412,9,7.284939338,22.97198421,2,1,0,1,984729
1513,1,1,2,2021,13738,151,6,1.99669738,16.70627217,1,1,0,0,858947
1862,5,3,1,1976,1556,73,3,3.712709205,37.47654344,1,1,1,1,309727
2776,1,2,2,2011,14447,364,6,5.01699166,48.58977568,2,0,1,0,260353
2096,4,3,1,1961,9022,400,6,7.254681685,22.46364918,2,1,0,0,882351
925,2,3,0,2014,12279,273,5,1.132312233,43.1906366,2,0,1,0,336887
4396,5,2,0,1991,6452,41,2,4.063664053,28.7272906,2,1,1,0,525037
4083,3,3,0,2011,12458,495,2,4.850729091,8.70454759,1,0,1,1,859129
2403,4,1,2,1960,4567,211,7,5.40827064,34.84051436,1,0,0,0,694206
866,5,1,2,1992,11248,100,2,8.183606414,26.15829036,1,0,1,1,313057
1032,1,3,1,1966,4899,44,6,1.71678195,32.87971964,2,1,0,0,576015
2956,1,2,1,1981,7477,81,5,8.078314518,44.59468322,1,1,0,1,976611
1969,1,3,0,1989,8500,16,4,6.928784277,22.58129396,2,1,0,1,437088
2958,1,1,2,1972,2016,72,7,5.558708142,45.15770354,2,1,0,1,189142
2293,3,3,1,2005,7470,13,8,6.995278704,37.7827817,2,0,0,1,127603
4807,4,3,2,1955,3062,432,4,4.12017739,24.94164137,1,1,1,1,932890
3272,2,1,2,1999,10030,156,1,1.38397586,30.55788465,1,1,1,0,170605
3460,3,3,0,1986,10829,222,1,6.657652403,16.95347549,2,1,0,1,381767
3539,3,3,0,2013,5321,131,1,5.246723067,49.19626769,1,1,1,0,668728
2561,2,2,2,2003,4496,337,1,6.393748005,33.70020699,2,1,1,1,968859
4314,2,2,2,2021,2813,403,5,3.37998781,3.148495772,2,1,1,0,455970
2775,1,1,2,1998,12671,375,4,9.068665773,17.00447338,2,1,1,0,389604
3162,3,1,2,1960,7256,375,9,5.873698686,31.54240725,1,1,1,0,314117
1676,5,1,0,1998,10643,46,3,0.854024843,3.760330612,1,0,1,1,838165
4612,2,2,1,1970,3313,106,7,4.498039907,2.170325375,2,0,1,0,566727
4248,2,1,0,2015,10706,107,8,7.563560547,23.05118774,1,1,0,1,210373
2112,4,1,1,2012,2231,264,6,7.941345617,17.3018188,1,1,0,1,367014
2260,5,1,2,1977,10837,204,1,4.945970528,22.47663179,1,1,0,0,118909
3509,5,2,1,1966,6831,78,8,8.947475708,13.87197218,1,1,1,0,371261
3124,2,3,0,1955,3999,154,3,2.676684372,9.0711696,2,0,1,1,349975
2533,1,1,0,1968,4440,270,8,4.105986972,34.76802449,1,0,0,1,953906
2405,4,3,2,2005,5056,475,4,8.985969106,26.2139847,2,1,1,1,718214
3363,5,1,0,1977,1305,484,8,8.962567165,10.80755635,2,0,1,1,537538
4221,2,3,2,2015,12728,246,1,6.857127688,16.65988189,1,0,0,1,227463
4317,5,2,0,1987,10915,18,3,8.589805471,29.99858748,2,1,0,1,201536
3197,4,2,0,1986,2689,345,6,0.88773267,4.539238065,2,1,0,0,906560
4535,4,1,2,2017,10709,435,9,8.649949762,8.225197454,1,1,1,1,351981
3670,3,3,1,1998,14679,25,2,3.206199066,4.589034601,2,0,1,1,590533
1960,2,2,0,1992,4917,216,1,1.783315124,40.8035493,2,0,1,0,431145
1042,4,1,1,1985,8080,153,3,2.393698363,37.86805243,1,1,0,0,886872
3390,3,1,0,2007,9611,153,4,4.17968508,37.91233366,1,1,0,0,280685
1863,3,2,0,1962,3936,173,5,2.511920046,36.09994183,1,0,1,1,747779
3395,5,2,0,2001,4862,91,3,3.20567586,33.79988576,1,0,0,0,597275
1719,5,1,0,2007,13421,432,2,1.349784861,24.37260385,1,1,0,0,250619
805,3,3,1,1981,10642,337,2,2.961767656,32.47163001,2,0,1,1,705950
1267,5,3,1,2009,12288,479,7,5.722838145,2.879716185,2,1,0,1,860416
4970,4,3,0,2007,6649,180,9,4.418537081,31.45175671,1,1,0,1,100005
803,1,1,0,2005,4261,130,2,3.467187612,39.11600757,1,0,0,1,334152
1445,4,2,1,1977,10356,449,7,7.464521289,25.51755966,2,0,1,0,369182
917,3,1,2,1950,11061,480,7,8.935099714,18.51815309,1,0,1,1,892846
3728,3,2,2,1991,2819,297,7,7.567892229,14.59391001,1,1,0,0,580875
3351,4,3,1,1997,11897,274,3,3.320007021,32.49730046,2,1,1,1,955938
1646,5,3,0,1989,12707,272,7,7.444421678,34.94725873,2,1,1,0,963018
3562,5,2,0,2012,2342,491,1,1.519801825,43.67741239,2,1,1,1,495822
1941,3,2,2,2021,6560,416,1,1.303179881,17.77437004,1,1,0,1,902914
2610,2,1,2,1953,3226,75,5,3.45627037,38.71884306,2,1,1,1,854189
1523,5,3,1,1987,2079,176,2,8.07702369,28.50643539,1,0,0,0,302945
1024,4,1,2,1976,14466,183,9,2.463482472,44.25898804,2,1,0,0,658236
2848,5,1,1,1958,14983,318,7,0.632534089,26.86279331,1,1,1,0,452131
2373,4,1,2,1965,5206,130,4,1.317095352,26.36386159,1,1,0,1,322873
2628,3,3,2,2005,7280,362,4,8.587449685,29.31597699,1,1,1,0,322322
2717,5,1,2,1980,13755,48,2,6.337832847,37.7164524,2,0,1,1,120875
2826,4,1,0,1963,11971,54,5,2.532011634,48.26983346,2,1,0,1,375201
4544,3,1,0,1974,11720,153,4,5.552958253,4.604604357,2,0,0,1,132400
1701,2,1,0,1983,8235,354,1,5.275796224,3.618295517,1,0,1,0,564674
2839,4,1,2,2016,1813,199,8,6.554359784,46.93996653,2,1,1,1,168607
809,2,1,1,1973,14560,307,3,2.331875544,26.96390565,2,1,1,0,973993
1060,2,3,1,2022,6089,355,6,8.644029872,31.13024771,1,0,1,1,389647
2473,1,1,1,1975,3031,372,4,3.093685621,24.63875648,1,0,0,1,516981
3019,5,2,1,1969,9514,117,9,6.94131654,5.589215178,2,1,0,1,201096
2860,4,1,0,2013,12161,262,7,0.161246464,38.63637954,2,0,0,0,670900
4513,2,1,0,1959,10095,45,9,3.726571299,37.61400761,2,1,1,0,984750
2419,1,3,2,2016,10733,301,3,3.51709818,16.27346275,1,1,0,1,361538
1120,3,3,2,1973,6911,355,1,5.434844286,16.00572302,2,0,0,0,184335
2142,4,2,1,1954,12695,399,5,0.727362618,42.05422766,1,1,0,0,463133
3176,2,2,0,2016,3653,407,3,7.901313737,4.545505629,1,1,0,1,717300
3632,5,3,1,2007,11668,188,6,2.177808018,44.17415227,2,1,1,1,181748
3624,1,3,2,1976,4340,309,8,6.770378149,13.5764228,2,0,0,0,786779
2794,2,1,2,1964,8876,317,4,8.032121232,30.05625264,1,0,0,1,165195
3758,5,3,1,1984,13435,128,5,5.618769562,46.86371477,1,0,0,1,829055
2838,2,2,2,2002,2141,48,5,7.408832067,34.22800258,2,1,0,0,714134
4290,4,1,1,1993,10041,24,4,6.618603122,21.30706081,2,0,1,0,726692
4477,4,2,0,1975,9558,265,4,3.555297972,34.78717624,2,0,1,1,401286
1918,4,1,1,1996,3897,117,4,8.08858539,17.85500218,1,0,0,0,885608
2404,1,3,0,1983,10281,463,4,2.947013699,14.5856624,1,1,1,0,171540
4827,4,2,0,1999,5041,143,4,5.712129178,49.83748062,2,1,1,1,793649
1035,5,1,2,1961,3038,441,5,7.453977391,37.78872133,1,0,1,1,439092
2769,2,1,2,1953,12052,199,2,3.789559098,32.59127889,1,0,1,1,945383
2708,3,3,2,1997,5270,156,2,3.027676076,18.40919252,2,0,0,1,111755
1175,5,3,1,2004,11046,486,9,4.593460102,3.408880629,1,1,1,0,877203
4330,5,3,1,1950,5683,347,2,8.179634943,2.521786926,2,0,1,0,480129
3435,4,2,2,2015,1494,133,6,9.299217631,28.15488152,2,1,0,1,708841
2370,1,1,1,1979,8116,399,2,5.450834129,38.33960333,1,1,0,1,234962
3360,2,3,2,1952,14425,147,5,6.614662053,27.33158033,1,1,0,1,980808
4191,1,2,1,1970,12374,335,4,9.032736222,42.19846853,2,0,0,1,356760
3765,2,2,0,1998,2784,70,7,0.985468514,2.637900122,1,0,1,0,117175
4443,2,2,0,2011,4510,232,7,2.320785779,18.97085174,2,1,0,0,952119
4650,1,3,2,1987,4786,333,6,7.089000063,12.61644917,1,1,1,1,971415
1672,5,3,1,1964,6266,298,5,8.237444619,22.91637544,1,1,1,1,581503
2052,2,1,1,2001,13322,153,1,8.570290283,4.546443267,1,1,0,0,850071
2114,1,1,0,1995,10190,89,3,4.151071769,47.75245044,2,0,0,0,779648
3698,2,3,0,1974,6428,333,9,0.893399023,11.93951465,1,0,1,0,146629
877,3,2,2,1970,7681,198,1,4.377814773,46.193081,2,1,1,0,741067
3421,5,2,0,1954,7893,160,5,2.307345902,21.8687646,2,1,0,1,278872
1400,4,2,2,2019,14325,25,2,2.91196455,49.29068253,2,1,0,0,792727
1865,2,1,0,1996,13661,120,4,7.722675568,28.14886079,1,0,0,0,570970
2936,3,2,0,2017,10643,300,1,0.75527086,46.61081034,2,1,1,0,430657
3249,4,1,1,1967,10943,211,3,8.275812175,1.262100446,2,0,1,1,707050
3143,4,1,0,1970,11472,62,7,4.276690858,37.6637015,1,1,0,1,260094
2663,2,2,0,1972,13992,450,3,5.960639311,45.249482,2,0,1,0,824689
2118,1,2,2,2013,5658,435,4,0.896522312,7.846307782,2,0,0,0,157941
4397,2,3,0,2016,8082,67,2,3.373590784,5.710166735,1,1,1,1,405617
4562,3,3,2,1989,12126,252,3,0.89700919,21.80405775,2,0,1,1,810958
2990,4,2,0,1959,7869,409,9,9.615437229,46.7502664,1,0,0,0,116040
1792,2,1,0,2001,12926,458,3,8.072616493,27.57694145,2,0,0,1,169806
3512,1,1,2,2021,8607,1,5,4.596327544,26.84536672,2,0,0,0,768646
2992,2,1,1,2010,8669,397,2,2.236025483,7.915179797,1,1,1,1,300211
2048,5,1,2,2013,12538,107,4,9.334551052,1.038686044,2,1,1,0,736364
3854,1,1,2,1954,11065,285,7,3.445965957,40.69686445,2,1,0,0,155916
4833,3,3,2,2002,7219,48,7,1.609844317,5.291153586,2,1,1,1,772960
2797,4,2,1,2004,5534,139,3,5.631643885,32.05864112,1,1,0,0,495507
4487,2,3,0,1986,12995,217,5,9.437741203,45.81620627,1,0,1,1,506339
2951,1,1,2,2005,6979,43,1,0.038302905,11.22394374,1,0,0,1,890243
4818,5,1,2,2008,11171,416,1,2.381248433,33.59836898,1,0,1,1,655564
3910,1,1,1,2018,9890,268,5,9.384476404,4.856230259,1,0,1,0,285217
2770,5,1,2,2022,2312,77,9,1.710859669,30.58400205,2,1,1,0,967481
997,3,2,0,2008,3962,215,1,1.132434516,9.032654327,1,1,1,0,301750
3426,4,1,1,1951,14851,381,1,5.701872158,37.06172447,1,0,0,1,319854
2002,3,2,0,2014,3938,97,4,8.618438233,15.76033344,1,1,1,0,846403
2835,2,1,0,2009,13979,235,4,4.771098177,23.70615943,2,0,0,0,811045
1277,1,2,1,2000,11492,281,2,9.945642567,30.37209656,2,0,0,0,767554
2054,5,3,2,1979,4197,148,9,6.791716995,9.392397123,1,1,0,0,435206
1722,5,1,0,1960,6296,411,9,0.740749072,37.34025311,2,1,0,1,250434
1219,1,2,0,1988,8204,303,2,9.928321317,15.82937669,2,1,1,0,940931
3004,1,3,0,2021,6730,483,9,4.078942368,33.45622114,2,1,0,1,670569
3397,2,1,0,2012,14921,423,6,2.874025338,8.755869484,2,1,1,1,931284
1920,3,1,1,2013,1126,65,8,5.578791836,34.7177653,1,1,1,1,886408
3868,5,1,1,2010,6602,233,4,3.043075918,7.281215568,1,1,1,1,877981
1750,2,2,0,2003,2191,456,2,0.864575071,21.84246832,2,0,1,0,604869
3136,3,2,2,2022,3639,86,2,0.014283431,13.11309761,2,1,0,0,803196
3043,2,3,0,2007,13581,78,9,4.495833529,37.67038722,2,0,1,0,628883
3445,5,2,2,2005,13108,204,1,8.368634222,13.83971522,2,0,0,1,720218
2657,1,2,0,1983,2366,278,7,5.723151856,44.20414801,1,1,1,0,246474
2665,1,1,2,1980,10211,336,3,9.992072989,44.69919036,2,0,1,1,361745
3712,3,1,0,2001,7453,253,3,2.868466456,10.62562445,1,1,0,0,820643
3653,4,1,2,1950,7671,303,2,2.804550648,31.07845131,2,0,1,0,454820
4028,3,1,0,2004,7683,379,6,1.597494602,5.298164444,1,0,1,0,798083
4519,4,1,0,1971,13271,129,2,1.640635883,20.18531788,2,0,1,1,282394
4028,2,1,2,1989,13706,83,4,2.85186596,35.95276475,1,1,1,0,802124
3171,2,1,1,1950,5539,275,9,7.928400453,33.3117391,1,0,1,1,518127
3691,5,3,2,2014,9876,186,9,9.057567906,31.6103328,1,0,0,1,846648
4556,4,3,1,2012,12821,45,6,9.750871697,14.84450232,2,0,1,1,905837
894,5,3,0,2003,3887,386,4,2.322896541,19.52322252,1,1,1,0,158122
3474,1,3,2,1991,10654,182,7,8.812975456,6.04436109,2,0,0,0,854849
2755,4,1,2,1970,5086,267,1,3.282550893,36.2321182,1,1,1,1,332661
1593,3,3,2,1971,3261,295,4,1.128405445,25.69055104,1,0,0,1,753197
2634,1,1,1,1987,5180,321,5,8.700249255,35.72951598,2,0,1,1,365591
2916,1,3,1,1957,3841,99,8,6.361056346,13.19823272,1,0,1,1,284215
4906,3,2,0,2011,10959,77,2,1.647308961,16.8974732,2,1,0,1,110662
4125,1,3,1,1996,13372,271,5,4.298312575,17.37655153,2,0,1,0,556217
3719,4,3,1,1966,7040,338,6,2.872576949,2.261378078,2,0,1,0,682570
3397,5,1,0,1966,4560,161,5,7.367945687,17.71134577,2,0,0,0,498115
4005,1,3,2,1962,11304,43,9,4.534162306,40.3619241,1,0,0,1,915014
1614,4,2,2,1966,14957,237,1,9.892799451,44.96762629,1,1,1,1,691759
1145,2,1,0,1987,5758,133,3,0.547449823,26.39269747,2,0,0,0,747801
3149,4,1,2,1994,1626,460,2,3.550152661,23.31958307,1,0,1,0,273285
1162,5,3,1,1955,13351,191,3,4.819001671,2.510406316,1,0,0,1,731866
3243,4,1,0,1984,12606,355,9,5.031335547,44.08101254,2,0,1,1,962303
3065,3,1,0,1963,6014,277,9,3.159358224,1.637500458,1,1,0,1,707493
2988,5,1,0,2021,2375,17,2,7.292402491,47.29275393,2,0,0,0,960513
3805,2,1,2,2010,2181,11,3,8.747470735,24.97159619,1,0,0,1,992215
4081,3,1,0,1964,6708,179,4,9.38719302,17.75479019,1,1,0,1,334631
1784,4,1,0,2003,1490,122,9,8.050933768,46.28670331,2,0,0,1,183805
2439,5,2,0,1976,4729,245,3,8.505801973,2.195158662,1,0,0,0,224698
1627,2,3,2,1962,6974,221,7,5.505453006,29.48981985,1,0,0,1,268902
3530,3,2,1,1980,4534,372,3,8.258882264,27.8976937,2,1,0,0,110712
4331,2,1,0,1984,4296,50,7,3.035039091,11.74669966,1,0,0,1,443671
3735,4,1,1,2009,2940,487,7,3.984787621,22.01548414,2,1,1,1,751176
4676,2,3,2,1955,13600,70,9,3.169130138,32.96093629,1,1,0,0,856686
926,1,2,2,2018,6014,479,2,4.673873354,36.62942865,2,1,1,1,618680
3977,3,3,2,2007,2882,47,6,2.855796162,1.035126077,2,1,0,0,296437
3856,2,2,2,1998,5908,18,9,9.616114423,46.90581807,2,1,1,1,711473
1403,4,1,1,1972,3987,261,2,3.12844628,9.061743247,2,1,1,0,461995
4249,4,3,0,1983,6585,83,2,0.980445381,12.44544128,2,1,0,1,524022
4946,2,3,2,1975,4159,154,5,5.268171661,13.91019884,1,0,0,0,636498
4333,4,1,2,1996,14614,52,8,0.570990784,2.853186691,1,0,1,0,136972
4167,5,3,1,1954,13967,106,9,1.105431663,7.029554056,2,1,1,1,861254
4168,5,2,1,1969,5530,356,2,2.193893892,49.33114622,1,1,0,0,396280
4597,5,2,2,1955,1681,303,5,4.643502499,16.44562013,2,1,0,1,537513
2592,1,2,0,2019,6254,134,7,4.332509323,6.649753427,1,1,0,0,902377
3661,2,2,0,2008,2073,442,6,7.99691862,6.242571798,1,1,1,1,850561
4276,1,1,2,2013,14743,68,6,7.394746539,36.25353842,2,1,0,1,441324
4217,4,3,1,1967,3387,10,7,4.26318294,42.87386454,2,0,0,1,432597
2445,1,2,2,1953,11586,142,3,3.337042076,13.59066268,1,0,0,1,971836
2005,4,1,2,1966,3693,191,3,3.164687841,2.024566104,1,1,0,0,103052
3830,4,3,1,1963,10562,386,9,7.739950873,11.9314109,2,1,0,1,389416
3672,3,3,2,1962,13936,377,8,0.520724062,3.769268849,1,1,1,1,403294
3872,5,1,2,1956,5340,68,5,0.128216495,6.066351895,1,0,1,1,851564
2654,4,1,2,1993,3156,22,6,7.955443919,22.14389787,2,1,0,1,248388
4821,3,2,1,1964,8966,180,1,4.77146376,12.26600017,1,0,0,1,546605
3508,5,3,0,1968,3580,292,1,1.308811386,26.28134805,2,0,1,0,762600
4302,4,3,0,2012,8257,8,4,2.355659346,13.42119391,2,0,0,1,983527
2132,4,1,1,1984,13583,270,2,9.325039531,47.08632775,2,1,1,0,430918
1001,1,3,0,1984,3159,386,7,8.595029756,45.39125443,1,1,0,0,929607
4307,1,2,2,1968,14900,92,2,7.097850502,28.77349915,1,0,1,1,493781
1374,5,3,0,1969,12440,453,2,4.822252303,18.36677561,2,0,1,1,116375
1336,4,1,2,1984,12923,16,5,5.203236262,19.67619722,2,0,0,0,649998
2425,2,1,0,1981,13021,153,4,9.752445353,21.18076187,1,0,1,0,805255
2922,1,2,1,1997,7772,404,8,9.657704439,36.65138678,1,1,0,0,878912
1185,5,2,0,1993,2627,327,4,2.152690458,23.13031078,1,0,1,1,770534
4081,4,3,0,1973,12664,148,6,8.111045663,42.97976738,2,1,0,0,469170
1274,4,3,0,2010,9219,376,5,1.972426662,47.26064451,2,0,0,0,580545
1217,2,1,1,1966,8080,266,2,2.135374779,17.46136152,1,1,0,1,127597
4400,5,2,0,2020,2985,421,8,6.760930342,28.47402959,1,0,1,0,436433
1754,4,2,1,1999,14848,327,2,4.050010986,5.657770305,1,1,0,1,531613
2005,1,2,2,2014,13345,105,9,9.315444071,10.82298334,2,1,0,0,185687
4920,2,3,0,1981,10713,471,9,0.890097349,21.25982257,2,1,0,1,218968
2790,5,2,1,1985,9488,380,3,5.115256408,11.10393308,1,0,1,0,664562
4372,2,1,1,1962,3181,34,4,9.185215304,43.95146405,1,1,0,1,567453
4958,1,1,0,2019,12594,118,8,9.041136605,8.756026547,2,0,1,1,303570
3513,5,3,2,2007,3296,13,9,1.565292134,23.32738026,2,1,1,0,531413
3003,2,3,1,1963,8164,13,3,3.666377001,30.67926278,1,1,1,1,672922
3920,3,2,0,1986,3597,265,5,6.191214,34.9013315,1,0,0,0,916473
1766,1,3,2,2017,1901,139,8,1.593948848,19.77039912,1,1,0,1,447509
4232,1,1,1,1989,7060,293,3,9.68022172,43.58585437,2,1,1,1,938418
1488,1,2,1,2008,10290,363,7,9.147493287,28.8476384,1,0,0,1,911802
4501,3,1,2,1965,2677,118,8,1.66950179,22.53588124,2,1,0,1,397391
1141,3,2,2,2011,3881,237,3,1.211554613,4.294791069,2,1,1,1,481688
2524,4,3,0,1953,14479,33,2,0.854084828,23.76978395,1,1,1,1,306994
2592,2,2,0,1994,14058,168,7,9.09443664,41.2160562,1,1,0,1,880768
2559,4,2,1,1977,6622,9,9,1.936238098,31.11250989,2,0,1,0,493650
4012,2,1,2,2015,9052,121,1,4.162849285,41.77596023,1,1,0,0,687270
1789,3,1,2,1980,2378,400,3,4.488513657,25.20657186,2,1,1,1,951612
3062,3,2,2,1952,2248,144,5,5.990110442,6.80462355,1,1,0,1,732822
3282,4,3,1,1957,12927,450,3,0.717353437,1.668352446,1,1,0,1,789834
1751,5,3,2,1973,6650,445,1,2.267586174,15.85775779,1,1,1,0,386788
1522,4,1,2,1964,13433,222,7,9.314903869,35.2015331,1,1,0,1,662781
4189,2,3,1,1992,7079,370,7,9.084101073,39.72273529,2,1,0,0,445968
2879,4,1,0,1980,10456,256,8,7.812906474,15.4918889,2,1,1,1,614922
3517,1,3,0,2022,11099,267,5,0.194012456,25.28704212,2,0,0,1,933721
3132,2,2,1,1994,8036,358,5,3.270067685,21.63482632,1,0,0,1,532809
4176,2,1,2,2015,7487,3,5,6.279587353,21.11561643,2,0,0,1,532331
2300,5,1,1,1957,2058,425,1,2.751902118,12.33608695,2,0,1,1,866505
1085,3,2,0,2020,11941,396,5,9.095866951,7.682184146,2,1,1,0,777900
4295,2,1,0,2006,3048,353,6,6.338894618,10.63773935,1,1,1,1,397625
2865,3,3,1,1979,7115,105,1,0.719067173,3.711286971,2,0,1,0,326577
1568,4,3,1,1967,5248,84,7,9.090055888,10.70840635,1,0,1,0,701385
3857,1,1,0,2018,3476,213,1,9.577666582,1.450843984,1,0,0,1,909010
2961,5,3,1,1988,13208,120,2,0.777124184,31.73566163,2,1,0,1,434192
4093,3,1,0,2009,5603,131,2,5.323602349,16.50239496,1,1,0,1,614771
1746,2,2,1,1992,12389,337,5,3.033642822,48.68409086,2,0,1,0,283951
4135,3,1,1,1994,13778,196,7,3.928390765,10.49213549,2,0,0,0,241668
4950,2,2,1,1972,4553,18,1,1.79651218,17.94559995,2,0,1,0,553885
2281,3,3,0,2018,13632,129,1,5.78072102,18.53421677,2,0,0,1,513146
2701,2,2,1,1955,10953,11,1,9.579793532,1.414123307,2,0,1,0,279022
4251,4,3,0,2005,1220,80,6,5.030726003,42.1211897,1,1,0,0,982169
4864,2,1,0,1953,5818,329,2,0.829145814,2.567728547,2,0,0,0,380831
854,2,3,1,1972,8192,353,1,6.200013335,47.0688119,1,1,1,1,546049
2623,1,1,1,1955,5623,261,6,3.402229945,44.7116432,2,0,0,0,222540
4262,2,1,0,1981,8349,391,2,8.559251896,27.24057389,2,0,0,0,791349
3879,1,2,0,1967,6618,124,6,4.346781483,27.63618317,2,1,1,1,916615
1632,5,2,2,1964,12080,306,8,1.928396089,33.03511822,1,0,0,1,382902
3606,1,2,0,1989,10856,266,2,1.911056227,19.96545058,1,1,0,1,756442
3290,4,2,2,2022,8209,446,9,7.687641807,32.71389189,1,1,1,0,862301
1127,1,3,2,1955,13178,440,8,2.655875983,3.193651046,1,0,1,0,720656
4110,5,3,2,2012,5576,382,1,7.672333942,3.64833374,2,0,1,0,670179
4100,4,3,1,2016,12169,139,7,2.058873108,23.40429056,2,1,1,1,146901
4475,3,1,1,1960,2871,328,6,3.216863687,27.93149275,1,1,1,0,576728
3854,3,3,0,1992,8915,1,6,4.654869724,44.50306438,1,0,0,1,466056
2943,1,3,2,1966,2462,7,6,9.431958497,6.128371061,1,1,1,1,695350
2111,1,3,1,1953,6521,249,6,9.317314248,41.30974843,2,0,1,0,589838
3991,5,2,1,2012,9536,138,7,2.068718754,11.29231953,1,1,0,0,776923
3338,5,3,1,2017,9236,123,3,3.582190412,20.31009878,1,0,0,0,958440
4783,2,1,1,1990,8813,308,6,1.493993885,16.51351931,2,1,0,1,495991
964,5,2,1,1954,3068,227,3,5.099850793,20.60760837,1,1,0,1,603528
1622,2,1,2,1981,6753,9,7,4.605825507,8.374279406,2,0,0,0,619149
1743,4,3,2,2019,8237,468,7,9.007601625,25.67493365,2,1,1,1,904406
1574,1,2,2,1984,8016,211,8,9.300053778,40.2804869,2,1,0,0,777748
2998,4,1,2,1971,7191,111,2,3.83567391,22.63516651,2,1,1,0,704879
3956,5,3,0,2014,2514,7,9,4.91737943,25.04006522,2,1,0,0,352990
4495,4,1,2,1971,3598,291,5,8.962362491,42.58961168,1,1,1,1,380759
4252,4,1,1,1960,2001,476,9,8.067078077,35.59684762,1,1,0,1,122838
1714,4,1,2,1952,2033,361,5,0.036563113,25.03226602,2,1,1,0,402872
2108,5,3,0,1958,11232,459,7,3.200595642,13.62708676,2,0,1,0,740537
4977,4,3,1,2009,7899,252,9,4.217742419,44.3614106,1,1,1,1,702288
1313,2,1,2,1963,9465,13,4,2.297162837,29.27399968,1,1,1,0,414942
2720,5,2,2,1967,6051,239,2,1.995716159,11.8362329,2,0,1,1,565992
4394,4,2,2,2022,11839,437,9,0.377845066,14.18686788,1,1,1,0,244608
2209,5,3,1,1972,10971,241,2,6.433697251,40.35352136,1,1,1,1,236772
3990,3,3,1,1996,5476,468,3,2.625102905,3.163132542,2,0,1,0,794199
2355,2,3,0,2018,14640,341,2,0.523471784,49.61251716,1,1,1,1,896680
1604,4,3,1,1996,1478,148,3,2.309793105,7.387232306,1,1,1,0,145291
2079,3,3,1,1979,1515,235,6,8.019139528,40.00735774,1,0,0,1,969061
4377,3,2,2,1974,13478,305,3,8.514891816,20.34399052,1,0,1,1,315963
3701,5,3,1,1977,2191,477,8,4.830662452,25.11859298,2,1,1,1,225612
2187,3,1,2,1974,11860,166,6,4.160706704,44.1518783,1,1,0,1,641465
3561,2,1,2,2007,14448,19,7,9.778536935,21.23264829,2,0,1,0,512699
3479,2,2,1,1990,7297,215,1,2.005646596,27.33719393,1,1,1,1,143815
2906,1,1,0,1974,10603,342,3,2.153592829,3.415683458,2,0,0,1,924965
3568,2,2,0,1997,12472,134,3,2.91867177,1.11502622,2,0,0,0,886458
4753,3,2,1,1959,1271,392,2,1.727573183,12.99519378,1,0,1,1,204997
3986,2,1,0,1960,9334,128,7,3.793655982,34.34857155,2,1,0,0,160611
4080,5,3,2,1970,8778,409,9,9.10834227,6.941979775,2,0,1,1,711530
3373,1,1,2,1994,7008,421,4,6.153478406,6.574335981,2,0,1,1,517876
3399,3,1,1,1956,8987,293,5,4.119465486,21.13706979,2,0,1,1,810463
4833,1,2,0,2013,14380,245,3,9.344107946,32.74401489,2,1,0,1,467057
1036,3,1,0,2013,4332,188,9,0.484642325,35.89152762,1,1,1,1,142082
2104,5,2,2,1951,1787,43,4,2.102761779,9.744083031,2,1,1,1,247330
4230,1,3,1,1991,7222,85,5,5.658886051,4.899819221,2,0,0,0,727901
2101,4,3,0,2003,10873,43,1,6.155526232,47.07945466,1,1,1,0,984747
3341,3,3,1,1965,1622,329,2,0.395575066,13.77265275,1,1,1,1,976122
2851,4,1,0,1967,4841,374,9,4.030387579,42.81397838,2,0,1,1,195220
1241,1,2,2,2008,4676,445,2,6.491539648,43.31108107,1,0,1,0,639677
2876,4,3,2,1965,3572,377,5,6.980705464,38.853607,1,1,1,0,191860
3980,4,2,1,1955,7915,389,8,6.381399025,9.272846726,1,1,1,1,783045
3457,1,2,2,2006,6033,144,3,3.205632244,41.2682715,1,0,0,1,552436
4598,5,3,0,1996,8788,50,6,0.935201236,38.6932774,1,1,1,1,121797
1604,4,3,2,1997,12452,241,4,4.271124464,30.23942652,1,0,1,1,998407
874,4,2,1,1991,6214,293,7,1.287544374,17.52289972,2,0,0,1,983601
2975,5,3,1,2009,5712,407,3,9.476236585,13.86292161,2,1,1,1,870227
4724,4,2,1,1953,14319,50,6,4.75170866,6.972571392,1,1,1,0,690620
2889,4,2,0,1951,1066,265,9,3.172591744,25.97809628,1,1,0,1,860943
840,4,3,0,2008,13478,119,1,7.663040711,29.6777829,2,1,0,1,324997
2881,2,1,0,1976,8533,199,3,4.979485926,18.60761054,1,0,0,0,556123
2422,5,3,0,1976,5616,404,2,3.10034024,24.29259432,2,1,0,0,500404
1141,4,1,0,2021,14277,247,8,8.119677424,18.81220841,1,1,0,0,385840
4852,5,2,2,1956,2140,69,7,8.67152151,32.40929681,2,1,0,0,102024
2874,3,2,0,2012,11506,340,2,6.730081663,45.16170118,2,0,0,1,529201
1445,3,1,0,1995,6730,56,6,0.469644224,9.03209284,1,1,1,0,761944
1409,4,2,2,2012,11724,381,3,5.663228802,19.68903169,1,1,1,0,453142
1254,5,1,0,1961,12772,38,8,7.63294912,7.902561594,1,0,1,1,258116
3753,5,1,1,1962,8465,471,3,1.365030121,31.62224475,1,0,0,0,881627
2508,5,2,0,1992,10379,288,9,2.286707514,36.71465496,2,0,1,0,367429
4272,2,1,0,1966,5471,442,1,8.824951051,46.6637239,1,0,0,1,556331
3769,3,3,1,2012,13940,17,5,0.201217219,14.66472439,2,0,1,1,893802
3828,5,3,1,1985,4339,439,3,7.527271378,47.56034909,1,1,1,1,117903
3481,5,2,1,1957,1548,219,6,4.737732925,4.099870919,2,0,1,1,787859
4429,2,2,1,2018,14385,312,2,4.467721588,30.5476793,1,0,1,1,984336
3867,2,1,0,1985,8675,243,9,0.070965325,3.799503248,1,0,0,1,909427
2186,5,1,1,1977,13279,351,6,8.19398231,44.7949352,2,0,0,1,467304
4576,1,1,1,1996,9264,459,7,3.598249006,26.9606438,1,0,1,0,528416
3666,5,1,2,1979,1198,303,5,5.407656313,33.79806919,1,0,0,0,712665
4163,5,3,1,1972,12393,297,9,6.773006863,41.74712237,1,0,0,1,301474
4924,2,3,1,1965,10973,282,1,7.026295764,8.365220502,1,0,1,0,506782
948,2,2,2,1963,1571,73,5,9.559800588,2.890986535,1,1,0,1,924254
4650,5,1,2,2020,1790,109,6,5.313399532,44.06517615,2,1,0,0,469556
2858,5,1,0,2001,10830,179,7,3.99719551,16.43172815,1,1,0,1,937654
1936,5,2,2,1986,11023,425,4,9.537036265,7.319966488,2,0,0,0,980520
986,2,1,0,1978,11047,31,1,6.42110235,23.95460062,1,0,1,1,593301
3654,5,1,2,2016,14798,233,8,2.981503563,30.31699771,1,0,1,0,452594
2050,5,1,2,1964,2174,281,4,1.264642454,2.517559568,2,1,0,1,543884
2133,4,1,0,1996,12932,24,3,8.425545015,14.46988725,2,0,1,0,733654
4993,1,1,2,1995,12469,330,7,3.621816028,2.60719384,2,0,1,0,472222
4950,3,2,0,2001,1178,278,2,6.604697214,21.59643407,2,0,1,1,688141
3511,1,1,2,1968,3244,225,8,4.708164194,44.85990142,2,1,0,0,285715
2585,4,2,1,1970,5086,56,6,1.989297798,49.14996816,1,1,0,0,253405
1550,3,1,2,2013,1734,179,7,6.016866086,32.21533012,2,0,1,0,509174
2562,5,3,0,1986,7232,231,5,0.60683069,8.920246995,2,1,1,0,676730
4720,4,3,2,1976,1798,381,9,4.133424599,45.38662011,1,0,0,0,514170
1281,5,3,0,2004,8601,342,5,5.466149397,26.29614334,1,0,1,1,330755
953,2,3,0,1978,9979,476,5,4.360469741,8.533716293,2,1,0,1,633963
